id,name,model_id:id,group_id:id,perm_read,perm_write,perm_create,perm_unlink
access_simple_employee_user,simple.employee user,model_simple_employee,base.group_user,1,0,0,0
access_simple_employee_manager,simple.employee manager,model_simple_employee,base.group_user,1,1,1,1
access_simple_attendance_user,simple.attendance user,model_simple_attendance,base.group_user,1,0,0,0
access_simple_attendance_manager,simple.attendance manager,model_simple_attendance,base.group_user,1,1,1,1

access_hr_work_history_manager,hr.work.history manager,model_hr_work_history,base.group_user,1,1,1,1
access_hr_training_history_user,hr.training.history user,model_hr_training_history,base.group_user,1,0,0,0
access_hr_training_history_manager,hr.training.history manager,model_hr_training_history,base.group_user,1,1,1,1
access_hr_reward_discipline_user,hr.reward.discipline user,model_hr_reward_discipline,base.group_user,1,0,0,0
access_hr_reward_discipline_manager,hr.reward.discipline manager,model_hr_reward_discipline,base.group_user,1,1,1,1
access_hr_payroll_extended_user,hr.payroll.extended user,model_hr_payroll_extended,base.group_user,1,0,0,0
access_hr_payroll_extended_manager,hr.payroll.extended manager,model_hr_payroll_extended,base.group_user,1,1,1,1
access_hr_department_user,hr.department user,model_hr_department,base.group_user,1,0,0,0
access_hr_department_manager,hr.department manager,model_hr_department,base.group_user,1,1,1,1

access_simple_salary_user,simple.salary user,model_simple_salary,base.group_user,1,0,0,0
access_simple_salary_manager,simple.salary manager,model_simple_salary,base.group_user,1,1,1,1
access_hr_contract_extended_user,hr.contract.extended user,model_hr_contract_extended,base.group_user,1,0,0,0
access_hr_contract_extended_manager,hr.contract.extended manager,model_hr_contract_extended,base.group_user,1,1,1,1
