<?xml version="1.0" encoding="utf-8"?>
<odoo>
    <data noupdate="0">
        <!-- Departments -->
        <record id="dept_hr" model="hr.department">
            <field name="name">🏢 Nhân Sự</field>
            <field name="code">HR</field>
        </record>
        
        <record id="dept_sales" model="hr.department">
            <field name="name">💼 Bán Hàng</field>
            <field name="code">SALES</field>
        </record>
        
        <record id="dept_it" model="hr.department">
            <field name="name">💻 Công Nghệ Thông Tin</field>
            <field name="code">IT</field>
        </record>
        
        <record id="dept_finance" model="hr.department">
            <field name="name">📊 Tài Chính - Kế Toán</field>
            <field name="code">FIN</field>
        </record>
        
        <record id="dept_ops" model="hr.department">
            <field name="name">📦 Vận Hành</field>
            <field name="code">OPS</field>
        </record>
        
        <!-- Employees -->
        <record id="emp_001" model="simple.employee">
            <field name="name">Nguyễn Văn A</field>
            <field name="employee_code">EMP001</field>
            <field name="email">nguyenvana@fitdnu.edu.vn</field>
            <field name="phone">0932123456</field>
            <field name="department_id" ref="dept_hr"/>
            <field name="position">Trưởng phòng Nhân Sự</field>
            <field name="base_salary">12000000</field>
        </record>
        
        <record id="emp_002" model="simple.employee">
            <field name="name">Trần Thị B</field>
            <field name="employee_code">EMP002</field>
            <field name="email">tranthib@fitdnu.edu.vn</field>
            <field name="phone">0932123457</field>
            <field name="department_id" ref="dept_sales"/>
            <field name="position">Trưởng phòng Bán Hàng</field>
            <field name="base_salary">11000000</field>
        </record>
        
        <record id="emp_003" model="simple.employee">
            <field name="name">Phạm Minh C</field>
            <field name="employee_code">EMP003</field>
            <field name="email">phamminhc@fitdnu.edu.vn</field>
            <field name="phone">0932123458</field>
            <field name="department_id" ref="dept_it"/>
            <field name="position">Trưởng phòng CNTT</field>
            <field name="base_salary">13000000</field>
        </record>
        
        <record id="emp_004" model="simple.employee">
            <field name="name">Hoàng Thu D</field>
            <field name="employee_code">EMP004</field>
            <field name="email">hoangthud@fitdnu.edu.vn</field>
            <field name="phone">0932123459</field>
            <field name="department_id" ref="dept_finance"/>
            <field name="position">Trưởng phòng Tài Chính</field>
            <field name="base_salary">10500000</field>
        </record>
        
        <record id="emp_005" model="simple.employee">
            <field name="name">Vũ Anh E</field>
            <field name="employee_code">EMP005</field>
            <field name="email">vuanhe@fitdnu.edu.vn</field>
            <field name="phone">0932123460</field>
            <field name="department_id" ref="dept_hr"/>
            <field name="position">Chuyên viên Nhân Sự</field>
            <field name="base_salary">8000000</field>
        </record>
        
        <record id="emp_006" model="simple.employee">
            <field name="name">Đặng Thị F</field>
            <field name="employee_code">EMP006</field>
            <field name="email">dangthif@fitdnu.edu.vn</field>
            <field name="phone">0932123461</field>
            <field name="department_id" ref="dept_sales"/>
            <field name="position">Chuyên viên Bán Hàng</field>
            <field name="base_salary">7500000</field>
        </record>
        
        <record id="emp_007" model="simple.employee">
            <field name="name">Bùi Văn G</field>
            <field name="employee_code">EMP007</field>
            <field name="email">buivang@fitdnu.edu.vn</field>
            <field name="phone">0932123462</field>
            <field name="department_id" ref="dept_it"/>
            <field name="position">Lập trình viên</field>
            <field name="base_salary">9000000</field>
        </record>
        
        <record id="emp_008" model="simple.employee">
            <field name="name">Lê Hương H</field>
            <field name="employee_code">EMP008</field>
            <field name="email">lehuongh@fitdnu.edu.vn</field>
            <field name="phone">0932123463</field>
            <field name="department_id" ref="dept_finance"/>
            <field name="position">Kế toán</field>
            <field name="base_salary">7800000</field>
        </record>
        
        <record id="emp_009" model="simple.employee">
            <field name="name">Ngô Tuấn I</field>
            <field name="employee_code">EMP009</field>
            <field name="email">ngotuan@fitdnu.edu.vn</field>
            <field name="phone">0932123464</field>
            <field name="department_id" ref="dept_ops"/>
            <field name="position">Trưởng phòng Vận Hành</field>
            <field name="base_salary">10000000</field>
        </record>
        
        <record id="emp_010" model="simple.employee">
            <field name="name">Trương Linh K</field>
            <field name="employee_code">EMP010</field>
            <field name="email">truonglinh@fitdnu.edu.vn</field>
            <field name="phone">0932123465</field>
            <field name="department_id" ref="dept_it"/>
            <field name="position">Lập trình viên</field>
            <field name="base_salary">8500000</field>
        </record>
    </data>
</odoo>
