<?xml version="1.0" encoding="utf-8"?>
<odoo>
    <data noupdate="1">
        <!-- Demo Employees -->
        <record id="demo_employee_1" model="simple.employee">
            <field name="name">Nguyễn Văn An</field>
            <field name="employee_code">EMP-001</field>
            <field name="phone">0901234567</field>
            <field name="email">an.nguyen@fitdnu.vn</field>
            <field name="department">Kỹ thuật</field>
            <field name="position">Senior Developer</field>
            <field name="date_join">2022-01-10</field>
        </record>

        <record id="demo_employee_2" model="simple.employee">
            <field name="name">Trần Thị Bình</field>
            <field name="employee_code">EMP-002</field>
            <field name="phone">0901234568</field>
            <field name="email">binh.tran@fitdnu.vn</field>
            <field name="department">Kế toán</field>
            <field name="position">Kế toán viên</field>
            <field name="date_join">2023-03-01</field>
        </record>

        <record id="demo_employee_3" model="simple.employee">
            <field name="name">Lê Hoàng Cường</field>
            <field name="employee_code">EMP-003</field>
            <field name="phone">0901234569</field>
            <field name="email">cuong.le@fitdnu.vn</field>
            <field name="department">Kỹ thuật</field>
            <field name="position">Team Leader</field>
            <field name="date_join">2021-06-15</field>
        </record>

        <record id="demo_employee_4" model="simple.employee">
            <field name="name">Phạm Mai Dung</field>
            <field name="employee_code">EMP-004</field>
            <field name="phone">0901234570</field>
            <field name="email">dung.pham@fitdnu.vn</field>
            <field name="department">Hành chính</field>
            <field name="position">Nhân viên hành chính</field>
            <field name="date_join">2024-05-01</field>
        </record>

        <record id="demo_employee_5" model="simple.employee">
            <field name="name">Vũ Đức Huy</field>
            <field name="employee_code">EMP-005</field>
            <field name="phone">0901234571</field>
            <field name="email">huy.vu@fitdnu.vn</field>
            <field name="department">Dự án</field>
            <field name="position">Project Manager</field>
            <field name="date_join">2023-11-01</field>
        </record>

        <!-- Demo Contracts -->
        <record id="demo_contract_1" model="hr.contract.extended">
            <field name="contract_number">HĐ-2024-001</field>
            <field name="employee_id" ref="demo_employee_1"/>
            <field name="contract_type">indefinite</field>
            <field name="start_date">2024-01-01</field>
            <field name="wage">15000000</field>
            <field name="allowance">3000000</field>
            <field name="bonus">2000000</field>
            <field name="state">running</field>
            <field name="notes">Hợp đồng chính thức - Nhân viên Senior</field>
        </record>

        <record id="demo_contract_2" model="hr.contract.extended">
            <field name="contract_number">HĐ-2024-002</field>
            <field name="employee_id" ref="demo_employee_2"/>
            <field name="contract_type">fixed</field>
            <field name="start_date">2024-03-01</field>
            <field name="end_date">2025-02-28</field>
            <field name="wage">12000000</field>
            <field name="allowance">2000000</field>
            <field name="bonus">1000000</field>
            <field name="state">running</field>
            <field name="notes">Hợp đồng có thời hạn 1 năm</field>
        </record>

        <record id="demo_contract_3" model="hr.contract.extended">
            <field name="contract_number">HĐ-2024-003</field>
            <field name="employee_id" ref="demo_employee_3"/>
            <field name="contract_type">indefinite</field>
            <field name="start_date">2023-06-01</field>
            <field name="wage">18000000</field>
            <field name="allowance">4000000</field>
            <field name="bonus">3000000</field>
            <field name="state">running</field>
            <field name="notes">Hợp đồng không thời hạn - Trưởng nhóm</field>
        </record>

        <record id="demo_contract_4" model="hr.contract.extended">
            <field name="contract_number">HĐ-2024-004</field>
            <field name="employee_id" ref="demo_employee_4"/>
            <field name="contract_type">probation</field>
            <field name="start_date">2024-05-01</field>
            <field name="end_date">2024-06-30</field>
            <field name="wage">8000000</field>
            <field name="allowance">1000000</field>
            <field name="bonus">0</field>
            <field name="state">running</field>
            <field name="notes">Hợp đồng thử việc 2 tháng</field>
        </record>

        <record id="demo_contract_5" model="hr.contract.extended">
            <field name="contract_number">HĐ-2024-005</field>
            <field name="employee_id" ref="demo_employee_5"/>
            <field name="contract_type">indefinite</field>
            <field name="start_date">2024-02-15</field>
            <field name="wage">13000000</field>
            <field name="allowance">2500000</field>
            <field name="bonus">1500000</field>
            <field name="state">running</field>
            <field name="notes">Hợp đồng không thời hạn - Nhân viên chính thức</field>
        </record>

        <!-- Demo Work History -->
        <record id="demo_work_history_1" model="hr.work.history">
            <field name="employee_id" ref="demo_employee_1"/>
            <field name="company_name">Công ty ABC Technology</field>
            <field name="position">Lập trình viên</field>
            <field name="start_date">2015-01-01</field>
            <field name="end_date">2020-12-31</field>
            <field name="is_current">False</field>
            <field name="responsibilities">Phát triển ứng dụng web với PHP và JavaScript</field>
            <field name="achievements">Hoàn thành 15 dự án thành công</field>
            <field name="reason_leave">Chuyển công ty để phát triển sự nghiệp</field>
            <field name="reference_name">Nguyễn Văn B</field>
            <field name="reference_contact">0909123456</field>
        </record>

        <record id="demo_work_history_2" model="hr.work.history">
            <field name="employee_id" ref="demo_employee_2"/>
            <field name="company_name">Công ty XYZ Solutions</field>
            <field name="position">Kế toán viên</field>
            <field name="start_date">2018-06-01</field>
            <field name="end_date">2022-02-28</field>
            <field name="is_current">False</field>
            <field name="responsibilities">Quản lý sổ sách kế toán, báo cáo tài chính</field>
            <field name="achievements">Giảm 20% chi phí vận hành</field>
            <field name="reason_leave">Tìm kiếm cơ hội tốt hơn</field>
        </record>

        <record id="demo_work_history_3" model="hr.work.history">
            <field name="employee_id" ref="demo_employee_3"/>
            <field name="company_name">Công ty DEF Software</field>
            <field name="position">Team Leader</field>
            <field name="start_date">2012-03-01</field>
            <field name="end_date">2023-05-31</field>
            <field name="is_current">False</field>
            <field name="responsibilities">Quản lý đội ngũ 10 lập trình viên, điều phối dự án</field>
            <field name="achievements">Hoàn thành 30+ dự án lớn, đào tạo 15 nhân sự mới</field>
            <field name="reason_leave">Thăng tiến vị trí cao hơn tại công ty mới</field>
            <field name="reference_name">Trần Văn C</field>
            <field name="reference_contact">0908234567</field>
        </record>

        <!-- Demo Training History -->
        <record id="demo_training_1" model="hr.training.history">
            <field name="employee_id" ref="demo_employee_1"/>
            <field name="course_name">Khóa học Python Advanced</field>
            <field name="training_type">external</field>
            <field name="provider">Trung tâm FPT Arena</field>
            <field name="start_date">2023-01-15</field>
            <field name="end_date">2023-03-15</field>
            <field name="duration_hours">120</field>
            <field name="cost">15000000</field>
            <field name="result">excellent</field>
            <field name="certificate">CERT-2023-PY-001</field>
            <field name="notes">Điểm số: 95/100</field>
        </record>

        <record id="demo_training_2" model="hr.training.history">
            <field name="employee_id" ref="demo_employee_2"/>
            <field name="course_name">Kế toán doanh nghiệp nâng cao</field>
            <field name="training_type">external</field>
            <field name="provider">Học viện Kế toán</field>
            <field name="start_date">2023-06-01</field>
            <field name="end_date">2023-08-30</field>
            <field name="duration_hours">180</field>
            <field name="cost">20000000</field>
            <field name="result">good</field>
            <field name="certificate">CERT-2023-ACC-002</field>
        </record>

        <record id="demo_training_3" model="hr.training.history">
            <field name="employee_id" ref="demo_employee_3"/>
            <field name="course_name">Leadership &amp; Management</field>
            <field name="training_type">workshop</field>
            <field name="provider">Dale Carnegie Vietnam</field>
            <field name="start_date">2023-09-10</field>
            <field name="end_date">2023-09-12</field>
            <field name="duration_hours">24</field>
            <field name="cost">8000000</field>
            <field name="result">excellent</field>
            <field name="certificate">CERT-2023-LD-003</field>
            <field name="notes">Workshop 3 ngày tập trung</field>
        </record>

        <record id="demo_training_4" model="hr.training.history">
            <field name="employee_id" ref="demo_employee_4"/>
            <field name="course_name">Đào tạo nội bộ - Quy trình làm việc</field>
            <field name="training_type">internal</field>
            <field name="provider">FITDNU</field>
            <field name="start_date">2024-05-15</field>
            <field name="end_date">2024-05-16</field>
            <field name="duration_hours">16</field>
            <field name="cost">0</field>
            <field name="result">passed</field>
        </record>

        <record id="demo_training_5" model="hr.training.history">
            <field name="employee_id" ref="demo_employee_5"/>
            <field name="course_name">Odoo Developer Certification</field>
            <field name="training_type">certification</field>
            <field name="provider">Odoo SA</field>
            <field name="start_date">2024-01-10</field>
            <field name="end_date">2024-03-10</field>
            <field name="duration_hours">200</field>
            <field name="cost">25000000</field>
            <field name="result">excellent</field>
            <field name="certificate">ODOO-CERT-2024-DEV-001</field>
            <field name="notes">Chứng chỉ quốc tế</field>
        </record>

        <!-- Demo Rewards & Discipline -->
        <record id="demo_reward_1" model="hr.reward.discipline">
            <field name="employee_id" ref="demo_employee_1"/>
            <field name="type">reward</field>
            <field name="reward_type">achievement</field>
            <field name="date">2024-01-15</field>
            <field name="reason">Hoàn thành xuất sắc dự án X trong thời gian ngắn</field>
            <field name="amount">5000000</field>
            <field name="state">approved</field>
            <field name="decision_number">QĐ-2024-KT-001</field>
            <field name="decision_date">2024-01-20</field>
            <field name="notes">Khen thưởng quý 1/2024</field>
        </record>

        <record id="demo_reward_2" model="hr.reward.discipline">
            <field name="employee_id" ref="demo_employee_3"/>
            <field name="type">reward</field>
            <field name="reward_type">innovation</field>
            <field name="date">2024-02-10</field>
            <field name="reason">Đề xuất giải pháp cải tiến quy trình làm việc</field>
            <field name="amount">3000000</field>
            <field name="state">approved</field>
            <field name="decision_number">QĐ-2024-KT-002</field>
            <field name="decision_date">2024-02-15</field>
        </record>

        <record id="demo_discipline_1" model="hr.reward.discipline">
            <field name="employee_id" ref="demo_employee_4"/>
            <field name="type">discipline</field>
            <field name="discipline_type">warning</field>
            <field name="date">2024-05-20</field>
            <field name="reason">Đi làm muộn 3 lần trong tháng 5</field>
            <field name="amount">0</field>
            <field name="state">approved</field>
            <field name="decision_number">QĐ-2024-KL-001</field>
            <field name="decision_date">2024-05-25</field>
            <field name="notes">Nhắc nhở lần 1</field>
        </record>

        <!-- Demo Payroll -->
        <record id="demo_payroll_1" model="hr.payroll.extended">
            <field name="name">PAY-2024-05-001</field>
            <field name="employee_id" ref="demo_employee_1"/>
            <field name="date">2024-05-31</field>
            <field name="month">5</field>
            <field name="year">2024</field>
            <field name="basic_salary">15000000</field>
            <field name="allowance">3000000</field>
            <field name="overtime_pay">1500000</field>
            <field name="bonus">2000000</field>
            <field name="other_income">0</field>
            <field name="advance_payment">0</field>
            <field name="fine">0</field>
            <field name="other_deduction">0</field>
            <field name="working_days">22</field>
            <field name="actual_days">22</field>
            <field name="overtime_hours">12</field>
            <field name="state">approved</field>
            <field name="notes">Lương tháng 5/2024</field>
        </record>

        <record id="demo_payroll_2" model="hr.payroll.extended">
            <field name="name">PAY-2024-05-002</field>
            <field name="employee_id" ref="demo_employee_2"/>
            <field name="date">2024-05-31</field>
            <field name="month">5</field>
            <field name="year">2024</field>
            <field name="basic_salary">12000000</field>
            <field name="allowance">2000000</field>
            <field name="overtime_pay">800000</field>
            <field name="bonus">1000000</field>
            <field name="other_income">0</field>
            <field name="advance_payment">0</field>
            <field name="fine">0</field>
            <field name="other_deduction">0</field>
            <field name="working_days">22</field>
            <field name="actual_days">21</field>
            <field name="overtime_hours">8</field>
            <field name="state">confirmed</field>
            <field name="notes">Lương tháng 5/2024</field>
        </record>

        <record id="demo_payroll_3" model="hr.payroll.extended">
            <field name="name">PAY-2024-05-003</field>
            <field name="employee_id" ref="demo_employee_3"/>
            <field name="date">2024-05-31</field>
            <field name="month">5</field>
            <field name="year">2024</field>
            <field name="basic_salary">18000000</field>
            <field name="allowance">4000000</field>
            <field name="overtime_pay">2000000</field>
            <field name="bonus">3000000</field>
            <field name="other_income">0</field>
            <field name="advance_payment">0</field>
            <field name="fine">0</field>
            <field name="other_deduction">0</field>
            <field name="working_days">22</field>
            <field name="actual_days">22</field>
            <field name="overtime_hours">16</field>
            <field name="state">paid</field>
            <field name="notes">Lương tháng 5/2024 - Đã thanh toán</field>
        </record>

        <record id="demo_payroll_4" model="hr.payroll.extended">
            <field name="name">PAY-2024-05-004</field>
            <field name="employee_id" ref="demo_employee_5"/>
            <field name="date">2024-05-31</field>
            <field name="month">5</field>
            <field name="year">2024</field>
            <field name="basic_salary">13000000</field>
            <field name="allowance">2500000</field>
            <field name="overtime_pay">1000000</field>
            <field name="bonus">1500000</field>
            <field name="other_income">0</field>
            <field name="advance_payment">0</field>
            <field name="fine">0</field>
            <field name="other_deduction">0</field>
            <field name="working_days">22</field>
            <field name="actual_days">21</field>
            <field name="overtime_hours">10</field>
            <field name="state">confirmed</field>
            <field name="notes">Lương tháng 5/2024</field>
        </record>
    </data>
</odoo>
