<?xml version="1.0" encoding="utf-8"?>
<odoo>
    <data noupdate="1">
        <!-- Scheduled Action: Remind missing checkout daily at 17:30 -->
        <record id="ir_cron_remind_missing_checkout" model="ir.cron">
            <field name="name">Nhắc nhở thiếu giờ ra (Chấm công AI)</field>
            <field name="model_id" ref="model_simple_attendance"/>
            <field name="state">code</field>
            <field name="code">model.cron_remind_missing_checkout()</field>
            <field name="interval_number">1</field>
            <field name="interval_type">days</field>
            <field name="numbercall">-1</field>
            <field name="doall" eval="False"/>
            <field name="active" eval="True"/>
            <field name="nextcall" eval="(DateTime.now() + timedelta(days=1)).replace(hour=17, minute=30, second=0)"/>
            <field name="priority">10</field>
        </record>
        
        <!-- Scheduled Action: Auto checkout for forgot attendance -->
        <record id="ir_cron_auto_checkout_forgot" model="ir.cron">
            <field name="name">Tự động checkout cho quên chấm công</field>
            <field name="model_id" ref="model_simple_attendance"/>
            <field name="state">code</field>
            <field name="code">model.cron_auto_checkout_missing()</field>
            <field name="interval_number">1</field>
            <field name="interval_type">days</field>
            <field name="numbercall">-1</field>
            <field name="doall" eval="False"/>
            <field name="active" eval="True"/>
            <field name="nextcall" eval="(DateTime.now() + timedelta(days=1)).replace(hour=23, minute=0, second=0)"/>
            <field name="priority">10</field>
        </record>
        
        <!-- Scheduled Action: Daily fraud detection scan -->
        <record id="ir_cron_fraud_detection" model="ir.cron">
            <field name="name">Quét phát hiện gian lận chấm công hàng ngày</field>
            <field name="model_id" ref="model_simple_attendance"/>
            <field name="state">code</field>
            <field name="code">
today = fields.Date.today()
records = model.search([('attendance_date', '=', today)])
records.action_detect_anomalies()
            </field>
            <field name="interval_number">1</field>
            <field name="interval_type">days</field>
            <field name="numbercall">-1</field>
            <field name="doall" eval="False"/>
            <field name="active" eval="True"/>
            <field name="nextcall" eval="(DateTime.now() + timedelta(days=1)).replace(hour=20, minute=0, second=0)"/>
            <field name="priority">5</field>
        </record>
    </data>
</odoo>
