<?xml version="1.0" encoding="utf-8"?>
<odoo>
    <data>
        <!-- Template Webcam Widget -->
        <template id="WebcamCaptureWidget" name="Webcam Capture Widget" t-name="fitdnu_hr_ai.WebcamCaptureWidget">
            <div class="o_field_webcam_wrapper">
                <!-- Camera Preview Section -->
                <div t-if="state.isCameraOpen or state.capturedImage" class="o_webcam_preview_section">
                    <!-- Video Element (khi camera mở) -->
                    <div t-if="state.isCameraOpen and !state.capturedImage" class="o_webcam_video_container mb-3">
                        <video t-ref="videoElement" class="o_webcam_video img-fluid rounded border" 
                               style="width: 100%; max-width: 400px; background-color: #000;"/>
                        <div class="mt-2">
                            <button type="button" class="btn btn-sm btn-primary" 
                                    t-on-click="capturePhoto">
                                <i class="fa fa-camera"></i> 📸 Chụp ảnh
                            </button>
                            <button type="button" class="btn btn-sm btn-danger" 
                                    t-on-click="stopCamera">
                                <i class="fa fa-times"></i> ⛔ Tắt camera
                            </button>
                        </div>
                    </div>
                    
                    <!-- Canvas (ẩn, dùng để xử lý ảnh) -->
                    <canvas t-ref="canvasElement" class="d-none"/>
                    
                    <!-- Captured Image Preview -->
                    <div t-if="state.capturedImage" class="o_webcam_captured_section">
                        <div class="alert alert-success alert-dismissible" role="alert">
                            <strong>✅ Ảnh đã được chụp thành công!</strong>
                            <p>Ảnh sẽ được sử dụng để xác thực khuôn mặt AI.</p>
                        </div>
                        <div class="o_webcam_captured_image mb-3">
                            <img t-att-src="state.capturedImage" class="img-fluid rounded border" 
                                 style="max-width: 300px;"/>
                        </div>
                        <div>
                            <button type="button" class="btn btn-sm btn-warning" 
                                    t-on-click="retakePhoto">
                                <i class="fa fa-repeat"></i> 🔄 Chụp lại
                            </button>
                            <button type="button" class="btn btn-sm btn-secondary" 
                                    t-on-click="closeWidget">
                                <i class="fa fa-close"></i> Đóng
                            </button>
                        </div>
                    </div>
                </div>
                
                <!-- Initial State - Buttons to Start -->
                <div t-if="!state.isCameraOpen and !state.capturedImage" class="o_webcam_initial_state">
                    <div class="alert alert-info" role="alert">
                        <strong>📷 Chế độ Nhận diện khuôn mặt AI</strong>
                        <p>Bật camera để chụp ảnh chấm công và xác thực tự động qua AI Face Recognition.</p>
                    </div>
                    
                    <div class="o_webcam_buttons d-flex gap-2 flex-wrap">
                        <button type="button" class="btn btn-lg btn-primary" 
                                t-on-click="openCamera">
                            <i class="fa fa-video-camera"></i> 📹 Bật Camera
                        </button>
                        <button type="button" class="btn btn-lg btn-secondary" 
                                disabled="disabled">
                            <i class="fa fa-upload"></i> 📤 Tải ảnh lên
                        </button>
                    </div>
                    
                    <hr/>
                    
                    <!-- Features Info -->
                    <div class="o_webcam_features mt-4">
                        <h5>🤖 Tính năng AI:</h5>
                        <ul class="list-group">
                            <li class="list-group-item">
                                <i class="fa fa-check text-success"></i> 
                                <strong>Face Recognition:</strong> Nhận diện tự động qua 50+ điểm khuôn mặt
                            </li>
                            <li class="list-group-item">
                                <i class="fa fa-check text-success"></i> 
                                <strong>Liveness Detection:</strong> Phát hiện ảnh giả/deepfake
                            </li>
                            <li class="list-group-item">
                                <i class="fa fa-check text-success"></i> 
                                <strong>Confidence Score:</strong> Độ chính xác nhận diện (85-99%)
                            </li>
                            <li class="list-group-item">
                                <i class="fa fa-check text-success"></i> 
                                <strong>Fraud Detection:</strong> Phát hiện gian lận & proxy attendance
                            </li>
                            <li class="list-group-item">
                                <i class="fa fa-check text-success"></i> 
                                <strong>GPS Verification:</strong> Xác thực vị trí chấm công
                            </li>
                        </ul>
                    </div>
                </div>
            </div>
        </template>
    </data>
</odoo>
