<?xml version="1.0" encoding="UTF-8"?>
<templates xml:space="preserve">
    <t t-name="fitdnu_hr_ai.WebcamCaptureWidget" owl="1">
        <div class="webcam_capture_widget">
            <!-- Not started yet -->
            <div t-if="!state.isActive" class="webcam_init text-center">
                <i class="fa fa-camera fa-4x text-primary mb-3"/>
                <h5 class="mb-3">Chấm công bằng Camera</h5>
                <button class="btn btn-primary btn-lg" t-on-click="openCamera">
                    <i class="fa fa-video-camera"/> Bật Camera
                </button>
            </div>

            <!-- Camera is open -->
            <div t-if="state.isCameraOpen and !state.capturedImage" class="webcam_active">
                <div class="video_wrapper">
                    <video ref="videoElement" autoplay="autoplay" playsinline="playsinline"/>
                    <div class="face_guide">
                        <div class="face_circle"></div>
                        <p class="guide_text">Đưa khuôn mặt vào khung</p>
                    </div>
                </div>
                <div class="control_buttons mt-3 text-center">
                    <button class="btn btn-success btn-lg me-2" t-on-click="capturePhoto">
                        <i class="fa fa-camera"/> Chụp ảnh
                    </button>
                    <button class="btn btn-secondary" t-on-click="closeWidget">
                        <i class="fa fa-times"/> Hủy
                    </button>
                </div>
            </div>

            <!-- Photo captured -->
            <div t-if="state.capturedImage" class="webcam_result text-center">
                <img t-att-src="state.capturedImage" class="captured_photo mb-3"/>
                <div class="control_buttons">
                    <button class="btn btn-primary me-2" t-on-click="retakePhoto">
                        <i class="fa fa-refresh"/> Chụp lại
                    </button>
                    <button class="btn btn-success" t-on-click="closeWidget">
                        <i class="fa fa-check"/> Xong
                    </button>
                </div>
            </div>

            <!-- Hidden canvas -->
            <canvas ref="canvasElement" style="display: none;"/>
        </div>
    </t>
</templates>
